{"designerVersion":"1.2.10","favorite":false,"id":"e8c2aacd-d58a-4294-b144-9db7ea051e91","name":"TravelTool","type":"page","lastUpdate":1453743471841,"rows":[[{"type":"component","dimension":{"xs":6},"propertyValues":{"cssClasses":{"type":"constant","value":""},"hidden":{"type":"constant","value":false},"text":{"type":"interpolation","value":"Travel tool"},"level":{"type":"constant","value":"Level 2"},"alignment":{"type":"constant","value":"left"}},"reference":"6a3b5973-08df-4b17-b106-93f3d60e438f","id":"pbTitle"},{"type":"component","dimension":{"xs":6},"propertyValues":{"cssClasses":{"type":"constant","value":""},"hidden":{"type":"constant","value":false},"text":{"type":"interpolation","value":"{{session.user_name}}"},"alignment":{"type":"constant","value":"right"}},"reference":"c16e1ab1-04bb-48d2-95f1-d2060bd17b47","id":"pbText"}],[{"type":"component","dimension":{"xs":12},"propertyValues":{"cssClasses":{"type":"constant","value":""},"hidden":{"type":"constant","value":false},"text":{"type":"interpolation","value":"This page lists your pending and approved travel requests"},"alignment":{"type":"constant","value":"left"}},"reference":"0993c454-2dff-4885-b491-e09c4ece87d0","id":"pbText"}],[{"type":"container","dimension":{"xs":12},"propertyValues":{"cssClasses":{"type":"constant","value":""},"hidden":{"type":"constant","value":false},"repeatedCollection":{"type":"variable"}},"reference":"2fdc70b7-3efd-4e4c-9c31-40dcedfb1399","rows":[[{"type":"component","dimension":{"xs":12},"propertyValues":{"cssClasses":{"type":"constant","value":""},"hidden":{"type":"constant","value":false},"text":{"type":"interpolation","value":"My pending requests"},"level":{"type":"constant","value":"Level 3"},"alignment":{"type":"constant","value":"left"}},"reference":"6cb4aca5-22cf-410b-b1c4-4cabb7ed9ba0","id":"pbTitle"}],[{"type":"component","dimension":{"xs":12},"propertyValues":{"cssClasses":{"type":"constant","value":""},"hidden":{"type":"constant","value":false},"headers":{"type":"constant","value":["Departure date","Number of nights","Hotel needed","Destination","Reason"]},"content":{"type":"expression","value":"myPendingRequests"},"columnsKey":{"type":"constant","value":["departureDate | date","numberOfNights","hotelNeeded","destination","reason"]},"selectedRow":{"type":"variable"}},"reference":"95f81e39-1611-4d6e-afd6-0a76701e3bc4","id":"pbTable"}],[{"type":"component","dimension":{"xs":12},"propertyValues":{"cssClasses":{"type":"constant","value":""},"hidden":{"type":"constant","value":false},"text":{"type":"interpolation","value":"Create new travel request"},"targetUrl":{"type":"constant","value":"/bonita/portal/resource/process/Travel%20Request/1.0/content/?id={{processDef[0].id}}"},"target":{"type":"constant","value":"_self"},"alignment":{"type":"constant","value":"center"},"buttonStyle":{"type":"constant","value":"primary"}},"reference":"b8163812-c96f-4175-a20e-4d9b5d384929","id":"pbLink"}]]}],[{"type":"container","dimension":{"xs":12},"propertyValues":{"cssClasses":{"type":"constant","value":""},"hidden":{"type":"constant","value":false},"repeatedCollection":{"type":"variable"}},"reference":"bb8d1663-b1fa-480a-9301-8c834356d270","rows":[[{"type":"component","dimension":{"xs":12},"propertyValues":{"cssClasses":{"type":"constant","value":""},"hidden":{"type":"constant","value":false},"text":{"type":"interpolation","value":"My approved requests"},"level":{"type":"constant","value":"Level 3"},"alignment":{"type":"constant","value":"left"}},"reference":"53bc271d-96b6-4452-8178-0892059867ed","id":"pbTitle"}],[{"type":"component","dimension":{"xs":12},"propertyValues":{"cssClasses":{"type":"constant","value":""},"hidden":{"type":"constant","value":false},"headers":{"type":"constant","value":["Departure date","Number of nights","Hotel needed","Destination","Reason"]},"content":{"type":"expression","value":"myApprovedRequests"},"columnsKey":{"type":"constant","value":["departureDate | date","numberOfNights","hotelNeeded","destination","reason"]},"selectedRow":{"type":"variable"}},"reference":"089bedbf-fec0-424d-8e78-258b4348e133","id":"pbTable"}]]}]],"assets":[],"inactiveAssets":[],"data":{"session":{"type":"url","value":"../API/system/session/unusedId","exposed":false},"processDef":{"type":"url","value":"../API/bpm/process?p=0&c=1&f=name=Travel%20Request","exposed":false},"myPendingRequests":{"type":"url","value":"../API/bdm/businessData/com.company.model.TravelRequest?q=findByUserIdAndStatus&p=0&c=10&f=userId={{session.user_id}}&f=status=pending","exposed":false},"myApprovedRequests":{"type":"url","value":"../API/bdm/businessData/com.company.model.TravelRequest?q=findByUserIdAndStatus&p=0&c=10&f=userId={{session.user_id}}&f=status=approved","exposed":false}}}