{"designerVersion":"1.2.13","favorite":false,"id":"1238ef89-27cf-4d0b-aee0-fab41e8380b8","name":"TravelTool","type":"page","lastUpdate":1455096951876,"rows":[[{"type":"component","dimension":{"xs":12},"propertyValues":{"cssClasses":{"type":"constant","value":""},"hidden":{"type":"constant","value":false},"text":{"type":"interpolation","value":"{{session.user_name}}"},"alignment":{"type":"constant","value":"left"}},"reference":"05853602-d478-48e2-ab57-9874b0b8c6bf","id":"pbText"}],[{"type":"component","dimension":{"xs":12},"propertyValues":{"cssClasses":{"type":"constant","value":""},"hidden":{"type":"constant","value":false},"text":{"type":"interpolation","value":"Travel tool"},"level":{"type":"constant","value":"Level 2"},"alignment":{"type":"constant","value":"left"}},"reference":"fabeacf6-2639-4e8a-aabb-616232e2f34f","id":"pbTitle"}],[{"type":"component","dimension":{"xs":12},"propertyValues":{"cssClasses":{"type":"constant","value":""},"hidden":{"type":"constant","value":false},"text":{"type":"interpolation","value":"This page lists your pending and approved travel requests."},"alignment":{"type":"constant","value":"left"}},"reference":"e748f751-1a7d-476d-a15b-b17fcece8e96","id":"pbText"}],[{"type":"container","dimension":{"xs":12},"propertyValues":{"cssClasses":{"type":"constant","value":""},"hidden":{"type":"constant","value":false},"repeatedCollection":{"type":"variable"}},"reference":"58e11834-33ad-4b91-abe6-0875b0192495","rows":[[{"type":"component","dimension":{"xs":12},"propertyValues":{"cssClasses":{"type":"constant","value":""},"hidden":{"type":"constant","value":false},"text":{"type":"interpolation","value":"My pending requests"},"level":{"type":"constant","value":"Level 3"},"alignment":{"type":"constant","value":"left"}},"reference":"8f2f3e23-6678-4b60-9e2c-4ba76a73d46c","id":"pbTitle"}],[{"type":"component","dimension":{"xs":12},"propertyValues":{"cssClasses":{"type":"constant","value":""},"hidden":{"type":"constant","value":false},"headers":{"type":"constant","value":["Departure date","Number of nights","Hotel needed","Destination","Reason"]},"content":{"type":"expression","value":"myPendingRequests"},"columnsKey":{"type":"constant","value":["departureDate | date","numberOfNights","hotelNeeded","destination","reason"]},"selectedRow":{"type":"variable"}},"reference":"7d706310-9f3b-4c84-b1de-5074ca10dc7b","id":"pbTable"}],[{"type":"component","dimension":{"xs":12},"propertyValues":{"cssClasses":{"type":"constant","value":""},"hidden":{"type":"constant","value":false},"text":{"type":"interpolation","value":"Create new travel request"},"targetUrl":{"type":"expression","value":"\"/bonita/portal/resource/process/Travel%20Request/1.0/content/?id=\"+processDef[0].id"},"target":{"type":"constant","value":"_self"},"alignment":{"type":"constant","value":"left"},"buttonStyle":{"type":"constant","value":"primary"}},"reference":"db2cd999-34de-4ed4-9923-3312d2564f66","id":"pbLink"}]]}],[{"type":"container","dimension":{"xs":12},"propertyValues":{"cssClasses":{"type":"constant","value":""},"hidden":{"type":"constant","value":false},"repeatedCollection":{"type":"variable"}},"reference":"4ca08ce9-269a-4f6b-9a5a-71a935292491","rows":[[{"type":"component","dimension":{"xs":12},"propertyValues":{"cssClasses":{"type":"constant","value":""},"hidden":{"type":"constant","value":false},"text":{"type":"interpolation","value":"My approved requests"},"level":{"type":"constant","value":"Level 3"},"alignment":{"type":"constant","value":"left"}},"reference":"7b45faa1-b978-46ba-83da-b55166a4c41f","id":"pbTitle"}],[{"type":"component","dimension":{"xs":12},"propertyValues":{"cssClasses":{"type":"constant","value":""},"hidden":{"type":"constant","value":false},"headers":{"type":"constant","value":["Departure date","Number of nights","Hotel needed","Destination","Reason"]},"content":{"type":"expression","value":"myApprovedRequests"},"columnsKey":{"type":"constant","value":["departureDate | date","numberOfNights","hotelNeeded","destination","reason"]},"selectedRow":{"type":"variable"}},"reference":"526ed89c-6e2c-4dec-9931-40aac920a62b","id":"pbTable"}]]}]],"assets":[],"inactiveAssets":[],"data":{"myPendingRequests":{"type":"url","value":"../API/bdm/businessData/com.company.model.TravelRequest?q=findByUserIdAndStatus&p=0&c=10&f=userId={{session.user_id}}&f=status=pending","exposed":false},"myApprovedRequests":{"type":"url","value":"../API/bdm/businessData/com.company.model.TravelRequest?q=findByUserIdAndStatus&p=0&c=10&f=userId={{session.user_id}}&f=status=approved","exposed":false},"session":{"type":"url","value":"../API/system/session/unusedId","exposed":false},"processDef":{"type":"url","value":"../API/bpm/process?p=0&c=1&f=name=Travel%20Request","exposed":false}}}